{"initial_reset_timestamp": 1632727292.9633439, "timestamps": [1632727313.2805555, 1632727333.1814988, 1632727354.415761, 1632727374.956433, 1632727399.2534292], "episode_lengths": [21, 20, 20, 21, 20], "episode_rewards": [1.557481768069895, -20.11478915970691, -19.254263845016432, -20.675076051156395, -20.544574123725237], "episode_types": ["t", "t", "t", "t", "t", "t"]}